reference_scene,secondary_scene,reference_date,secondary_date,orbit_direction,relative_orbit,frame,temporal_baseline_days,perpendicular_baseline_m,abs_temporal_days,abs_perpendicular_m,baseline_class,ranking_score,candidate_rank,recommendation
S1A_IW_SLC__1SDV_20240102T000439_20240102T000506_051920_0645E2_BFE4,S1A_IW_SLC__1SDV_20231221T000439_20231221T000506_051745_063FE7_9852,2024-01-02T00:04:39Z,2023-12-21T00:04:39Z,DESCENDING,48,514,-12.0,-111.0,12.0,111.0,GOOD,171.0,1,HIGH_PRIORITY
S1A_IW_SLC__1SDV_20240102T000439_20240102T000506_051920_0645E2_BFE4,S1A_IW_SLC__1SDV_20240114T000438_20240114T000505_052095_064BDC_0A40,2024-01-02T00:04:39Z,2024-01-14T00:04:38Z,DESCENDING,48,514,12.0,149.0,12.0,149.0,GOOD,209.0,2,NORMAL_PRIORITY
S1A_IW_SLC__1SDV_20240102T000439_20240102T000506_051920_0645E2_BFE4,S1A_IW_SLC__1SDV_20231209T000440_20231209T000508_051570_0639CC_EEA3,2024-01-02T00:04:39Z,2023-12-09T00:04:40Z,DESCENDING,48,514,-24.0,146.0,24.0,146.0,GOOD,266.0,3,NORMAL_PRIORITY
S1A_IW_SLC__1SDV_20240102T000439_20240102T000506_051920_0645E2_BFE4,S1A_IW_SLC__1SDV_20240126T000438_20240126T000505_052270_0651B8_0AF7,2024-01-02T00:04:39Z,2024-01-26T00:04:38Z,DESCENDING,48,514,24.0,187.0,24.0,187.0,GOOD,307.0,4,NORMAL_PRIORITY
S1A_IW_SLC__1SDV_20240104T122122_20240104T122149_051957_06471E_AAC9,S1A_IW_SLC__1SDV_20231211T122123_20231211T122150_051607_063B16_50B6,2024-01-04T12:21:22Z,2023-12-11T12:21:23Z,ASCENDING,85,73,-24.0,-12.0,24.0,12.0,GOOD,132.0,1,HIGH_PRIORITY
S1A_IW_SLC__1SDV_20240104T122122_20240104T122149_051957_06471E_AAC9,S1A_IW_SLC__1SDV_20240116T122121_20240116T122148_052132_064D1E_56EB,2024-01-04T12:21:22Z,2024-01-16T12:21:21Z,ASCENDING,85,73,12.0,103.0,12.0,103.0,GOOD,163.0,2,NORMAL_PRIORITY
S1A_IW_SLC__1SDV_20240104T122122_20240104T122149_051957_06471E_AAC9,S1A_IW_SLC__1SDV_20231223T122122_20231223T122149_051782_064120_1D68,2024-01-04T12:21:22Z,2023-12-23T12:21:22Z,ASCENDING,85,73,-12.0,131.0,12.0,131.0,GOOD,191.0,3,NORMAL_PRIORITY
S1A_IW_SLC__1SDV_20240104T122122_20240104T122149_051957_06471E_AAC9,S1A_IW_SLC__1SDV_20240128T122121_20240128T122148_052307_065302_03B1,2024-01-04T12:21:22Z,2024-01-28T12:21:21Z,ASCENDING,85,73,24.0,-78.0,24.0,78.0,GOOD,198.0,4,NORMAL_PRIORITY
S1A_IW_SLC__1SDV_20240123T121315_20240123T121341_052234_065093_F3A2,S1A_IW_SLC__1SDV_20240204T121314_20240204T121341_052409_06567F_3AFD,2024-01-23T12:13:15Z,2024-02-04T12:13:14Z,ASCENDING,12,74,12.0,-7.0,12.0,7.0,GOOD,67.0,1,HIGH_PRIORITY
S1A_IW_SLC__1SDV_20240123T121315_20240123T121341_052234_065093_F3A2,S1A_IW_SLC__1SDV_20240111T121315_20240111T121342_052059_064AA5_7139,2024-01-23T12:13:15Z,2024-01-11T12:13:15Z,ASCENDING,12,74,-12.0,72.0,12.0,72.0,GOOD,132.0,2,NORMAL_PRIORITY
S1A_IW_SLC__1SDV_20240123T121315_20240123T121341_052234_065093_F3A2,S1A_IW_SLC__1SDV_20231230T121316_20231230T121343_051884_0644B4_C465,2024-01-23T12:13:15Z,2023-12-30T12:13:16Z,ASCENDING,12,74,-24.0,-44.0,24.0,44.0,GOOD,164.0,3,NORMAL_PRIORITY
S1A_IW_SLC__1SDV_20240123T121315_20240123T121341_052234_065093_F3A2,S1A_IW_SLC__1SDV_20240216T121314_20240216T121341_052584_065C6B_0649,2024-01-23T12:13:15Z,2024-02-16T12:13:14Z,ASCENDING,12,74,24.0,-66.0,24.0,66.0,GOOD,186.0,4,NORMAL_PRIORITY
S1A_IW_SLC__1SDV_20240128T122121_20240128T122148_052307_065302_03B1,S1A_IW_SLC__1SDV_20240221T122120_20240221T122147_052657_065ED6_4DB2,2024-01-28T12:21:21Z,2024-02-21T12:21:20Z,ASCENDING,85,73,24.0,68.0,24.0,68.0,GOOD,188.0,1,HIGH_PRIORITY
S1A_IW_SLC__1SDV_20240128T122121_20240128T122148_052307_065302_03B1,S1A_IW_SLC__1SDV_20240209T122120_20240209T122147_052482_0658EB_E079,2024-01-28T12:21:21Z,2024-02-09T12:21:20Z,ASCENDING,85,73,12.0,132.0,12.0,132.0,GOOD,192.0,2,NORMAL_PRIORITY
S1A_IW_SLC__1SDV_20240128T122121_20240128T122148_052307_065302_03B1,S1A_IW_SLC__1SDV_20240104T122122_20240104T122149_051957_06471E_AAC9,2024-01-28T12:21:21Z,2024-01-04T12:21:22Z,ASCENDING,85,73,-24.0,78.0,24.0,78.0,GOOD,198.0,3,NORMAL_PRIORITY
S1A_IW_SLC__1SDV_20240128T122121_20240128T122148_052307_065302_03B1,S1A_IW_SLC__1SDV_20240116T122121_20240116T122148_052132_064D1E_56EB,2024-01-28T12:21:21Z,2024-01-16T12:21:21Z,ASCENDING,85,73,-12.0,181.0,12.0,181.0,GOOD,241.0,4,NORMAL_PRIORITY
S1A_IW_SLC__1SDV_20240503T122122_20240503T122149_053707_06862C_E741,S1A_IW_SLC__1SDV_20240421T122121_20240421T122148_053532_067F4A_881C,2024-05-03T12:21:22Z,2024-04-21T12:21:21Z,ASCENDING,85,73,-12.0,20.0,12.0,20.0,GOOD,80.0,1,HIGH_PRIORITY
S1A_IW_SLC__1SDV_20240503T122122_20240503T122149_053707_06862C_E741,S1A_IW_SLC__1SDV_20240527T122122_20240527T122149_054057_069293_5FD5,2024-05-03T12:21:22Z,2024-05-27T12:21:22Z,ASCENDING,85,73,24.0,48.0,24.0,48.0,GOOD,168.0,2,NORMAL_PRIORITY
S1A_IW_SLC__1SDV_20240503T122122_20240503T122149_053707_06862C_E741,S1A_IW_SLC__1SDV_20240515T122121_20240515T122148_053882_068C7D_ECA7,2024-05-03T12:21:22Z,2024-05-15T12:21:21Z,ASCENDING,85,73,12.0,258.0,12.0,258.0,ACCEPTABLE,318.0,3,NORMAL_PRIORITY
S1A_IW_SLC__1SDV_20240510T121316_20240510T121343_053809_068A02_58C3,S1A_IW_SLC__1SDV_20240428T121316_20240428T121342_053634_06834C_275A,2024-05-10T12:13:16Z,2024-04-28T12:13:16Z,ASCENDING,12,74,-12.0,-38.0,12.0,38.0,GOOD,98.0,1,HIGH_PRIORITY
S1A_IW_SLC__1SDV_20240510T121316_20240510T121343_053809_068A02_58C3,S1A_IW_SLC__1SDV_20240603T121315_20240603T121342_054159_069615_B498,2024-05-10T12:13:16Z,2024-06-03T12:13:15Z,ASCENDING,12,74,24.0,74.0,24.0,74.0,GOOD,194.0,2,NORMAL_PRIORITY
S1A_IW_SLC__1SDV_20240510T121316_20240510T121343_053809_068A02_58C3,S1A_IW_SLC__1SDV_20240522T121315_20240522T121342_053984_069006_423A,2024-05-10T12:13:16Z,2024-05-22T12:13:15Z,ASCENDING,12,74,12.0,226.0,12.0,226.0,ACCEPTABLE,286.0,3,NORMAL_PRIORITY
S1A_IW_SLC__1SDV_20240525T000439_20240525T000506_054020_069143_541D,S1A_IW_SLC__1SDV_20240606T000438_20240606T000505_054195_06974D_FCBA,2024-05-25T00:04:39Z,2024-06-06T00:04:38Z,DESCENDING,48,514,12.0,-81.0,12.0,81.0,GOOD,141.0,1,HIGH_PRIORITY
S1A_IW_SLC__1SDV_20240525T000439_20240525T000506_054020_069143_541D,S1A_IW_SLC__1SDV_20240618T000438_20240618T000505_054370_069D59_9296,2024-05-25T00:04:39Z,2024-06-18T00:04:38Z,DESCENDING,48,514,24.0,-40.0,24.0,40.0,GOOD,160.0,2,NORMAL_PRIORITY
S1A_IW_SLC__1SDV_20240525T000439_20240525T000506_054020_069143_541D,S1A_IW_SLC__1SDV_20240501T000439_20240501T000506_053670_0684AE_4F43,2024-05-25T00:04:39Z,2024-05-01T00:04:39Z,DESCENDING,48,514,-24.0,-181.0,24.0,181.0,GOOD,301.0,3,NORMAL_PRIORITY
S1A_IW_SLC__1SDV_20240615T121315_20240615T121342_054334_069C22_5A68,S1A_IW_SLC__1SDV_20240603T121315_20240603T121342_054159_069615_B498,2024-06-15T12:13:15Z,2024-06-03T12:13:15Z,ASCENDING,12,74,-12.0,16.0,12.0,16.0,GOOD,76.0,1,HIGH_PRIORITY
S1A_IW_SLC__1SDV_20240615T121315_20240615T121342_054334_069C22_5A68,S1A_IW_SLC__1SDV_20240627T121314_20240627T121341_054509_06A233_B6A8,2024-06-15T12:13:15Z,2024-06-27T12:13:14Z,ASCENDING,12,74,12.0,107.0,12.0,107.0,GOOD,167.0,2,NORMAL_PRIORITY
S1A_IW_SLC__1SDV_20240615T121315_20240615T121342_054334_069C22_5A68,S1A_IW_SLC__1SDV_20240709T121313_20240709T121340_054684_06A84C_9C26,2024-06-15T12:13:15Z,2024-07-09T12:13:13Z,ASCENDING,12,74,24.0,109.0,24.0,109.0,GOOD,229.0,3,NORMAL_PRIORITY
S1A_IW_SLC__1SDV_20240615T121315_20240615T121342_054334_069C22_5A68,S1A_IW_SLC__1SDV_20240522T121315_20240522T121342_053984_069006_423A,2024-06-15T12:13:15Z,2024-05-22T12:13:15Z,ASCENDING,12,74,-24.0,168.0,24.0,168.0,GOOD,288.0,4,NORMAL_PRIORITY
S1A_IW_SLC__1SDV_20240805T000437_20240805T000504_055070_06B5A2_5C63,S1A_IW_SLC__1SDV_20240724T000437_20240724T000504_054895_06AF99_32B0,2024-08-05T00:04:37Z,2024-07-24T00:04:37Z,DESCENDING,48,514,-12.0,-92.0,12.0,92.0,GOOD,152.0,1,HIGH_PRIORITY
S1A_IW_SLC__1SDV_20240805T000437_20240805T000504_055070_06B5A2_5C63,S1A_IW_SLC__1SDV_20240817T000436_20240817T000504_055245_06BC09_4B0F,2024-08-05T00:04:37Z,2024-08-17T00:04:36Z,DESCENDING,48,514,12.0,-105.0,12.0,105.0,GOOD,165.0,2,NORMAL_PRIORITY
S1A_IW_SLC__1SDV_20240805T000437_20240805T000504_055070_06B5A2_5C63,S1A_IW_SLC__1SDV_20240712T000437_20240712T000504_054720_06A984_7A89,2024-08-05T00:04:37Z,2024-07-12T00:04:37Z,DESCENDING,48,514,-24.0,-65.0,24.0,65.0,GOOD,185.0,3,NORMAL_PRIORITY
S1A_IW_SLC__1SDV_20240805T000437_20240805T000504_055070_06B5A2_5C63,S1A_IW_SLC__1SDV_20240829T000437_20240829T000504_055420_06C27C_BAF4,2024-08-05T00:04:37Z,2024-08-29T00:04:37Z,DESCENDING,48,514,24.0,-123.0,24.0,123.0,GOOD,243.0,4,NORMAL_PRIORITY
