scene_id,acquisition_date,orbit_direction,relative_orbit,polarization,product_type,aoi_coverage,selected,status,notes
S1A_IW_SLC__1SDV_20251224T122106_20251224T122133_062457_07D32E_2FEE,2025-12-24T12:21:06Z,ASCENDING,85,VV+VH,SLC,YES,NO,AVAILABLE,
S1A_IW_SLC__1SDV_20251222T000423_20251222T000450_062420_07D1C5_3038,2025-12-22T00:04:23Z,DESCENDING,48,VV+VH,SLC,YES,NO,AVAILABLE,
S1A_IW_SLC__1SDV_20251219T121301_20251219T121328_062384_07D068_51F4,2025-12-19T12:13:01Z,ASCENDING,12,VV+VH,SLC,YES,NO,AVAILABLE,
S1A_IW_SLC__1SDV_20251212T122108_20251212T122135_062282_07CC69_C175,2025-12-12T12:21:08Z,ASCENDING,85,VV+VH,SLC,YES,NO,AVAILABLE,
S1A_IW_SLC__1SDV_20251210T000425_20251210T000452_062245_07CB00_5C61,2025-12-10T00:04:25Z,DESCENDING,48,VV+VH,SLC,YES,NO,AVAILABLE,
S1A_IW_SLC__1SDV_20251207T121302_20251207T121329_062209_07C996_A414,2025-12-07T12:13:02Z,ASCENDING,12,VV+VH,SLC,YES,NO,AVAILABLE,
S1A_IW_SLC__1SDV_20251130T122109_20251130T122136_062107_07C58F_EC4A,2025-11-30T12:21:09Z,ASCENDING,85,VV+VH,SLC,YES,NO,AVAILABLE,
S1A_IW_SLC__1SDV_20251128T000426_20251128T000453_062070_07C422_5457,2025-11-28T00:04:26Z,DESCENDING,48,VV+VH,SLC,YES,NO,AVAILABLE,
S1A_IW_SLC__1SDV_20251125T121303_20251125T121330_062034_07C2B8_6379,2025-11-25T12:13:03Z,ASCENDING,12,VV+VH,SLC,YES,NO,AVAILABLE,
S1A_IW_SLC__1SDV_20251118T122110_20251118T122137_061932_07BEC4_925A,2025-11-18T12:21:10Z,ASCENDING,85,VV+VH,SLC,YES,NO,AVAILABLE,
S1A_IW_SLC__1SDV_20251116T000427_20251116T000454_061895_07BD4A_BB85,2025-11-16T00:04:27Z,DESCENDING,48,VV+VH,SLC,YES,NO,AVAILABLE,
S1A_IW_SLC__1SDV_20251113T121304_20251113T121331_061859_07BBE8_83FD,2025-11-13T12:13:04Z,ASCENDING,12,VV+VH,SLC,YES,NO,AVAILABLE,
S1A_IW_SLC__1SDV_20251106T122111_20251106T122138_061757_07B7F5_F92D,2025-11-06T12:21:11Z,ASCENDING,85,VV+VH,SLC,YES,NO,AVAILABLE,
S1A_IW_SLC__1SDV_20251104T000427_20251104T000454_061720_07B682_6FB3,2025-11-04T00:04:27Z,DESCENDING,48,VV+VH,SLC,YES,NO,AVAILABLE,
S1A_IW_SLC__1SDV_20251101T121305_20251101T121332_061684_07B527_F422,2025-11-01T12:13:05Z,ASCENDING,12,VV+VH,SLC,YES,NO,AVAILABLE,
S1A_IW_SLC__1SDV_20251025T122111_20251025T122138_061582_07B10C_0F5E,2025-10-25T12:21:11Z,ASCENDING,85,VV+VH,SLC,YES,NO,AVAILABLE,
S1A_IW_SLC__1SDV_20251023T000428_20251023T000455_061545_07AF94_EDE6,2025-10-23T00:04:28Z,DESCENDING,48,VV+VH,SLC,YES,NO,AVAILABLE,
S1A_IW_SLC__1SDV_20251020T121305_20251020T121332_061509_07AE20_FB9F,2025-10-20T12:13:05Z,ASCENDING,12,VV+VH,SLC,YES,NO,AVAILABLE,
S1A_IW_SLC__1SDV_20251013T122111_20251013T122138_061407_07AA07_2387,2025-10-13T12:21:11Z,ASCENDING,85,VV+VH,SLC,YES,NO,AVAILABLE,
S1A_IW_SLC__1SDV_20251011T000428_20251011T000455_061370_07A889_C192,2025-10-11T00:04:28Z,DESCENDING,48,VV+VH,SLC,YES,NO,AVAILABLE,
S1A_IW_SLC__1SDV_20251008T121305_20251008T121332_061334_07A71B_1C68,2025-10-08T12:13:05Z,ASCENDING,12,VV+VH,SLC,YES,NO,AVAILABLE,
S1A_IW_SLC__1SDV_20251001T122111_20251001T122138_061232_07A2FE_28FE,2025-10-01T12:21:11Z,ASCENDING,85,VV+VH,SLC,YES,NO,AVAILABLE,
S1A_IW_SLC__1SDV_20250929T000427_20250929T000454_061195_07A17C_55CF,2025-09-29T00:04:27Z,DESCENDING,48,VV+VH,SLC,YES,NO,AVAILABLE,
S1A_IW_SLC__1SDV_20250926T121305_20250926T121332_061159_07A00D_EA1B,2025-09-26T12:13:05Z,ASCENDING,12,VV+VH,SLC,YES,NO,AVAILABLE,
S1A_IW_SLC__1SDV_20250919T122111_20250919T122138_061057_079BEA_6724,2025-09-19T12:21:11Z,ASCENDING,85,VV+VH,SLC,YES,NO,AVAILABLE,
S1A_IW_SLC__1SDV_20250917T000427_20250917T000454_061020_079A6F_8A11,2025-09-17T00:04:27Z,DESCENDING,48,VV+VH,SLC,YES,NO,AVAILABLE,
S1A_IW_SLC__1SDV_20250914T121305_20250914T121332_060984_079907_B3C5,2025-09-14T12:13:05Z,ASCENDING,12,VV+VH,SLC,YES,NO,AVAILABLE,
S1A_IW_SLC__1SDV_20250907T122111_20250907T122138_060882_0794E5_21D9,2025-09-07T12:21:11Z,ASCENDING,85,VV+VH,SLC,YES,NO,AVAILABLE,
S1A_IW_SLC__1SDV_20250905T000427_20250905T000454_060845_07936C_92C3,2025-09-05T00:04:27Z,DESCENDING,48,VV+VH,SLC,YES,NO,AVAILABLE,
S1A_IW_SLC__1SDV_20250902T121304_20250902T121331_060809_079202_24DF,2025-09-02T12:13:04Z,ASCENDING,12,VV+VH,SLC,YES,NO,AVAILABLE,
S1A_IW_SLC__1SDV_20250826T122110_20250826T122137_060707_078DF4_9818,2025-08-26T12:21:10Z,ASCENDING,85,VV+VH,SLC,YES,NO,AVAILABLE,
S1A_IW_SLC__1SDV_20250824T000427_20250824T000454_060670_078C7D_577D,2025-08-24T00:04:27Z,DESCENDING,48,VV+VH,SLC,YES,NO,AVAILABLE,
S1A_IW_SLC__1SDV_20250821T121304_20250821T121331_060634_078B1A_AD6A,2025-08-21T12:13:04Z,ASCENDING,12,VV+VH,SLC,YES,NO,AVAILABLE,
S1A_IW_SLC__1SDV_20250814T122110_20250814T122137_060532_07870F_58A9,2025-08-14T12:21:10Z,ASCENDING,85,VV+VH,SLC,YES,NO,AVAILABLE,
S1A_IW_SLC__1SDV_20250812T000427_20250812T000454_060495_07859A_435E,2025-08-12T00:04:27Z,DESCENDING,48,VV+VH,SLC,YES,NO,AVAILABLE,
S1A_IW_SLC__1SDV_20250809T121304_20250809T121331_060459_078436_5E98,2025-08-09T12:13:04Z,ASCENDING,12,VV+VH,SLC,YES,NO,AVAILABLE,
S1A_IW_SLC__1SDV_20250802T122110_20250802T122137_060357_078073_F958,2025-08-02T12:21:10Z,ASCENDING,85,VV+VH,SLC,YES,NO,AVAILABLE,
S1A_IW_SLC__1SDV_20250731T000430_20250731T000457_060320_077F24_0884,2025-07-31T00:04:30Z,DESCENDING,48,VV+VH,SLC,YES,NO,AVAILABLE,
S1A_IW_SLC__1SDV_20250728T121304_20250728T121331_060284_077DEF_9EBF,2025-07-28T12:13:04Z,ASCENDING,12,VV+VH,SLC,YES,NO,AVAILABLE,
S1A_IW_SLC__1SDV_20250721T122110_20250721T122137_060182_077A6E_0CE6,2025-07-21T12:21:10Z,ASCENDING,85,VV+VH,SLC,YES,NO,AVAILABLE,
S1A_IW_SLC__1SDV_20250719T000428_20250719T000455_060145_077923_2E2A,2025-07-19T00:04:28Z,DESCENDING,48,VV+VH,SLC,YES,NO,AVAILABLE,
S1A_IW_SLC__1SDV_20250716T121304_20250716T121331_060109_0777EA_58DD,2025-07-16T12:13:04Z,ASCENDING,12,VV+VH,SLC,YES,NO,AVAILABLE,
S1A_IW_SLC__1SDV_20250709T122111_20250709T122138_060007_07746D_C658,2025-07-09T12:21:11Z,ASCENDING,85,VV+VH,SLC,YES,NO,AVAILABLE,
S1A_IW_SLC__1SDV_20250707T000429_20250707T000456_059970_07731E_9DCA,2025-07-07T00:04:29Z,DESCENDING,48,VV+VH,SLC,YES,NO,AVAILABLE,
S1A_IW_SLC__1SDV_20250704T121305_20250704T121332_059934_0771E8_4C74,2025-07-04T12:13:05Z,ASCENDING,12,VV+VH,SLC,YES,NO,AVAILABLE,
S1A_IW_SLC__1SDV_20250627T122112_20250627T122139_059832_076E5B_6710,2025-06-27T12:21:12Z,ASCENDING,85,VV+VH,SLC,YES,NO,AVAILABLE,
S1A_IW_SLC__1SDV_20250625T000429_20250625T000456_059795_076D0D_75C7,2025-06-25T00:04:29Z,DESCENDING,48,VV+VH,SLC,YES,NO,AVAILABLE,
S1A_IW_SLC__1SDV_20250622T121306_20250622T121333_059759_076BCC_C660,2025-06-22T12:13:06Z,ASCENDING,12,VV+VH,SLC,YES,NO,AVAILABLE,
S1A_IW_SLC__1SDV_20250615T122112_20250615T122139_059657_076846_9EF7,2025-06-15T12:21:12Z,ASCENDING,85,VV+VH,SLC,YES,NO,AVAILABLE,
S1A_IW_SLC__1SDV_20250610T121306_20250610T121333_059584_0765C2_47C7,2025-06-10T12:13:06Z,ASCENDING,12,VV+VH,SLC,YES,NO,AVAILABLE,
S1A_IW_SLC__1SDV_20250603T122113_20250603T122140_059482_076251_80F8,2025-06-03T12:21:13Z,ASCENDING,85,VV+VH,SLC,YES,NO,AVAILABLE,
S1A_IW_SLC__1SDV_20250601T000431_20250601T000458_059445_076109_473A,2025-06-01T00:04:31Z,DESCENDING,48,VV+VH,SLC,YES,NO,AVAILABLE,
S1A_IW_SLC__1SDV_20250529T121307_20250529T121334_059409_075FCD_EC7E,2025-05-29T12:13:07Z,ASCENDING,12,VV+VH,SLC,YES,NO,AVAILABLE,
S1A_IW_SLC__1SDV_20250517T121307_20250517T121334_059234_0759B6_8411,2025-05-17T12:13:07Z,ASCENDING,12,VV+VH,SLC,YES,NO,AVAILABLE,
S1A_IW_SLC__1SDV_20250510T122114_20250510T122141_059132_075632_A211,2025-05-10T12:21:14Z,ASCENDING,85,VV+VH,SLC,YES,NO,AVAILABLE,
S1A_IW_SLC__1SDV_20250508T000431_20250508T000458_059095_0754E8_BCF1,2025-05-08T00:04:31Z,DESCENDING,48,VV+VH,SLC,YES,NO,AVAILABLE,
S1A_IW_SLC__1SDV_20250505T121308_20250505T121335_059059_075384_2CCB,2025-05-05T12:13:08Z,ASCENDING,12,VV+VH,SLC,YES,NO,AVAILABLE,
S1A_IW_SLC__1SDV_20250428T122114_20250428T122141_058957_074F7C_57E2,2025-04-28T12:21:14Z,ASCENDING,85,VV+VH,SLC,YES,NO,AVAILABLE,
S1A_IW_SLC__1SDV_20250423T121308_20250423T121335_058884_074C8A_241A,2025-04-23T12:13:08Z,ASCENDING,12,VV+VH,SLC,YES,NO,AVAILABLE,
S1A_IW_SLC__1SDV_20250416T122114_20250416T122141_058782_074851_2AF3,2025-04-16T12:21:14Z,ASCENDING,85,VV+VH,SLC,YES,NO,AVAILABLE,
S1A_IW_SLC__1SDV_20250414T000431_20250414T000458_058745_0746D8_756A,2025-04-14T00:04:31Z,DESCENDING,48,VV+VH,SLC,YES,NO,AVAILABLE,
S1A_IW_SLC__1SDV_20250411T121307_20250411T121334_058709_074561_54D5,2025-04-11T12:13:07Z,ASCENDING,12,VV+VH,SLC,YES,NO,AVAILABLE,
S1A_IW_SLC__1SDV_20250404T122114_20250404T122141_058607_074127_F160,2025-04-04T12:21:14Z,ASCENDING,85,VV+VH,SLC,YES,NO,AVAILABLE,
S1A_IW_SLC__1SDV_20250402T000431_20250402T000459_058570_073FA9_572B,2025-04-02T00:04:31Z,DESCENDING,48,VV+VH,SLC,YES,NO,AVAILABLE,
S1A_IW_SLC__1SDV_20250330T121308_20250330T121335_058534_073E33_B66F,2025-03-30T12:13:08Z,ASCENDING,12,VV+VH,SLC,YES,NO,AVAILABLE,
S1A_IW_SLC__1SDV_20250323T122114_20250323T122141_058432_073A14_60BC,2025-03-23T12:21:14Z,ASCENDING,85,VV+VH,SLC,YES,NO,AVAILABLE,
S1A_IW_SLC__1SDV_20250321T000431_20250321T000458_058395_0738A4_3893,2025-03-21T00:04:31Z,DESCENDING,48,VV+VH,SLC,YES,NO,AVAILABLE,
S1A_IW_SLC__1SDV_20250318T121307_20250318T121334_058359_073734_A8BE,2025-03-18T12:13:07Z,ASCENDING,12,VV+VH,SLC,YES,NO,AVAILABLE,
S1A_IW_SLC__1SDV_20250311T122113_20250311T122140_058257_07332C_6F6B,2025-03-11T12:21:13Z,ASCENDING,85,VV+VH,SLC,YES,NO,AVAILABLE,
S1A_IW_SLC__1SDV_20250306T121307_20250306T121334_058184_07304E_4C3E,2025-03-06T12:13:07Z,ASCENDING,12,VV+VH,SLC,YES,NO,AVAILABLE,
S1A_IW_SLC__1SDV_20250227T122113_20250227T122140_058082_072C12_AAC0,2025-02-27T12:21:13Z,ASCENDING,85,VV+VH,SLC,YES,NO,AVAILABLE,
S1A_IW_SLC__1SDV_20250225T000431_20250225T000458_058045_072A96_C08F,2025-02-25T00:04:31Z,DESCENDING,48,VV+VH,SLC,YES,NO,AVAILABLE,
S1A_IW_SLC__1SDV_20250222T121307_20250222T121334_058009_072921_3834,2025-02-22T12:13:07Z,ASCENDING,12,VV+VH,SLC,YES,NO,AVAILABLE,
S1A_IW_SLC__1SDV_20250215T122113_20250215T122140_057907_0724F0_9999,2025-02-15T12:21:13Z,ASCENDING,85,VV+VH,SLC,YES,NO,AVAILABLE,
S1A_IW_SLC__1SDV_20250213T000431_20250213T000458_057870_07236F_0C69,2025-02-13T00:04:31Z,DESCENDING,48,VV+VH,SLC,YES,NO,AVAILABLE,
S1A_IW_SLC__1SDV_20250210T121308_20250210T121334_057834_072205_E907,2025-02-10T12:13:08Z,ASCENDING,12,VV+VH,SLC,YES,NO,AVAILABLE,
S1A_IW_SLC__1SDV_20250203T122114_20250203T122141_057732_071DEE_864D,2025-02-03T12:21:14Z,ASCENDING,85,VV+VH,SLC,YES,NO,AVAILABLE,
S1A_IW_SLC__1SDV_20250201T000431_20250201T000458_057695_071C75_2940,2025-02-01T00:04:31Z,DESCENDING,48,VV+VH,SLC,YES,NO,AVAILABLE,
S1A_IW_SLC__1SDV_20250129T121308_20250129T121335_057659_071B11_E179,2025-01-29T12:13:08Z,ASCENDING,12,VV+VH,SLC,YES,NO,AVAILABLE,
S1A_IW_SLC__1SDV_20250122T122114_20250122T122141_057557_0716FE_734A,2025-01-22T12:21:14Z,ASCENDING,85,VV+VH,SLC,YES,NO,AVAILABLE,
S1A_IW_SLC__1SDV_20250120T000432_20250120T000459_057520_071583_E5BE,2025-01-20T00:04:32Z,DESCENDING,48,VV+VH,SLC,YES,NO,AVAILABLE,
S1A_IW_SLC__1SDV_20250117T121308_20250117T121335_057484_07141C_96CE,2025-01-17T12:13:08Z,ASCENDING,12,VV+VH,SLC,YES,NO,AVAILABLE,
S1A_IW_SLC__1SDV_20250110T122115_20250110T122142_057382_07100D_B788,2025-01-10T12:21:15Z,ASCENDING,85,VV+VH,SLC,YES,NO,AVAILABLE,
S1A_IW_SLC__1SDV_20250108T000433_20250108T000500_057345_070E97_2270,2025-01-08T00:04:33Z,DESCENDING,48,VV+VH,SLC,YES,NO,AVAILABLE,
S1A_IW_SLC__1SDV_20250105T121310_20250105T121337_057309_070D2E_34D4,2025-01-05T12:13:10Z,ASCENDING,12,VV+VH,SLC,YES,NO,AVAILABLE,
S1A_IW_SLC__1SDV_20241229T122117_20241229T122144_057207_070921_A2D3,2024-12-29T12:21:17Z,ASCENDING,85,VV+VH,SLC,YES,NO,AVAILABLE,
S1A_IW_SLC__1SDV_20241227T000434_20241227T000501_057170_0707B2_01AB,2024-12-27T00:04:34Z,DESCENDING,48,VV+VH,SLC,YES,NO,AVAILABLE,
S1A_IW_SLC__1SDV_20241224T121311_20241224T121338_057134_070650_823B,2024-12-24T12:13:11Z,ASCENDING,12,VV+VH,SLC,YES,NO,AVAILABLE,
S1A_IW_SLC__1SDV_20241217T122117_20241217T122144_057032_070234_AD37,2024-12-17T12:21:17Z,ASCENDING,85,VV+VH,SLC,YES,NO,AVAILABLE,
S1A_IW_SLC__1SDV_20241215T000435_20241215T000502_056995_0700B5_E39C,2024-12-15T00:04:35Z,DESCENDING,48,VV+VH,SLC,YES,NO,AVAILABLE,
S1A_IW_SLC__1SDV_20241212T121312_20241212T121339_056959_06FF45_BF94,2024-12-12T12:13:12Z,ASCENDING,12,VV+VH,SLC,YES,NO,AVAILABLE,
S1A_IW_SLC__1SDV_20241205T122119_20241205T122145_056857_06FB45_3586,2024-12-05T12:21:19Z,ASCENDING,85,VV+VH,SLC,YES,NO,AVAILABLE,
S1A_IW_SLC__1SDV_20241203T000436_20241203T000503_056820_06F9D4_299C,2024-12-03T00:04:36Z,DESCENDING,48,VV+VH,SLC,YES,NO,AVAILABLE,
S1A_IW_SLC__1SDV_20241130T121313_20241130T121340_056784_06F86D_7D8E,2024-11-30T12:13:13Z,ASCENDING,12,VV+VH,SLC,YES,NO,AVAILABLE,
S1A_IW_SLC__1SDV_20241123T122119_20241123T122146_056682_06F458_21CF,2024-11-23T12:21:19Z,ASCENDING,85,VV+VH,SLC,YES,NO,AVAILABLE,
S1A_IW_SLC__1SDV_20241121T000437_20241121T000504_056645_06F2E5_34A0,2024-11-21T00:04:37Z,DESCENDING,48,VV+VH,SLC,YES,NO,AVAILABLE,
S1A_IW_SLC__1SDV_20241118T121314_20241118T121341_056609_06F174_F57A,2024-11-18T12:13:14Z,ASCENDING,12,VV+VH,SLC,YES,NO,AVAILABLE,
S1A_IW_SLC__1SDV_20241111T122120_20241111T122147_056507_06ED59_6578,2024-11-11T12:21:20Z,ASCENDING,85,VV+VH,SLC,YES,NO,AVAILABLE,
S1A_IW_SLC__1SDV_20241109T000438_20241109T000505_056470_06EBDB_4CA7,2024-11-09T00:04:38Z,DESCENDING,48,VV+VH,SLC,YES,NO,AVAILABLE,
S1A_IW_SLC__1SDV_20241106T121314_20241106T121341_056434_06EA75_192E,2024-11-06T12:13:14Z,ASCENDING,12,VV+VH,SLC,YES,NO,AVAILABLE,
S1A_IW_SLC__1SDV_20241030T122121_20241030T122148_056332_06E661_EC04,2024-10-30T12:21:21Z,ASCENDING,85,VV+VH,SLC,YES,NO,AVAILABLE,
S1A_IW_SLC__1SDV_20241028T000438_20241028T000505_056295_06E4F0_FAE3,2024-10-28T00:04:38Z,DESCENDING,48,VV+VH,SLC,YES,NO,AVAILABLE,
S1A_IW_SLC__1SDV_20241025T121314_20241025T121341_056259_06E389_2DD2,2024-10-25T12:13:14Z,ASCENDING,12,VV+VH,SLC,YES,NO,AVAILABLE,
S1A_IW_SLC__1SDV_20241018T122121_20241018T122148_056157_06DF73_FDE5,2024-10-18T12:21:21Z,ASCENDING,85,VV+VH,SLC,YES,NO,AVAILABLE,
S1A_IW_SLC__1SDV_20241016T000438_20241016T000505_056120_06DDFB_E023,2024-10-16T00:04:38Z,DESCENDING,48,VV+VH,SLC,YES,NO,AVAILABLE,
S1A_IW_SLC__1SDV_20241013T121314_20241013T121341_056084_06DC93_DA66,2024-10-13T12:13:14Z,ASCENDING,12,VV+VH,SLC,YES,NO,AVAILABLE,
S1A_IW_SLC__1SDV_20241006T122121_20241006T122148_055982_06D887_F01C,2024-10-06T12:21:21Z,ASCENDING,85,VV+VH,SLC,YES,NO,AVAILABLE,
S1A_IW_SLC__1SDV_20241004T000438_20241004T000505_055945_06D71E_3635,2024-10-04T00:04:38Z,DESCENDING,48,VV+VH,SLC,YES,NO,AVAILABLE,
S1A_IW_SLC__1SDV_20241001T121314_20241001T121341_055909_06D5B2_3A63,2024-10-01T12:13:14Z,ASCENDING,12,VV+VH,SLC,YES,NO,AVAILABLE,
S1A_IW_SLC__1SDV_20240924T122120_20240924T122147_055807_06D1A1_3ED2,2024-09-24T12:21:20Z,ASCENDING,85,VV+VH,SLC,YES,NO,AVAILABLE,
S1A_IW_SLC__1SDV_20240922T000437_20240922T000505_055770_06D027_86EC,2024-09-22T00:04:37Z,DESCENDING,48,VV+VH,SLC,YES,NO,AVAILABLE,
S1A_IW_SLC__1SDV_20240919T121314_20240919T121341_055734_06CEC2_4066,2024-09-19T12:13:14Z,ASCENDING,12,VV+VH,SLC,YES,NO,AVAILABLE,
S1A_IW_SLC__1SDV_20240912T122120_20240912T122147_055632_06CAB6_675D,2024-09-12T12:21:20Z,ASCENDING,85,VV+VH,SLC,YES,NO,AVAILABLE,
S1A_IW_SLC__1SDV_20240910T000437_20240910T000504_055595_06C947_9810,2024-09-10T00:04:37Z,DESCENDING,48,VV+VH,SLC,YES,NO,AVAILABLE,
S1A_IW_SLC__1SDV_20240907T121313_20240907T121340_055559_06C7DA_2539,2024-09-07T12:13:13Z,ASCENDING,12,VV+VH,SLC,YES,NO,AVAILABLE,
S1A_IW_SLC__1SDV_20240831T122119_20240831T122146_055457_06C3C9_3DCC,2024-08-31T12:21:19Z,ASCENDING,85,VV+VH,SLC,YES,NO,AVAILABLE,
S1A_IW_SLC__1SDV_20240829T000437_20240829T000504_055420_06C27C_BAF4,2024-08-29T00:04:37Z,DESCENDING,48,VV+VH,SLC,YES,NO,AVAILABLE,
S1A_IW_SLC__1SDV_20240826T121313_20240826T121340_055384_06C139_7DE6,2024-08-26T12:13:13Z,ASCENDING,12,VV+VH,SLC,YES,NO,AVAILABLE,
S1A_IW_SLC__1SDV_20240819T122119_20240819T122146_055282_06BD59_4806,2024-08-19T12:21:19Z,ASCENDING,85,VV+VH,SLC,YES,NO,AVAILABLE,
S1A_IW_SLC__1SDV_20240817T000436_20240817T000504_055245_06BC09_4B0F,2024-08-17T00:04:36Z,DESCENDING,48,VV+VH,SLC,YES,NO,AVAILABLE,
S1A_IW_SLC__1SDV_20240814T121313_20240814T121340_055209_06BAB8_CCDA,2024-08-14T12:13:13Z,ASCENDING,12,VV+VH,SLC,YES,NO,AVAILABLE,
S1A_IW_SLC__1SDV_20240807T122119_20240807T122146_055107_06B6FA_8876,2024-08-07T12:21:19Z,ASCENDING,85,VV+VH,SLC,YES,NO,AVAILABLE,
S1A_IW_SLC__1SDV_20240805T000437_20240805T000504_055070_06B5A2_5C63,2024-08-05T00:04:37Z,DESCENDING,48,VV+VH,SLC,YES,NO,AVAILABLE,
S1A_IW_SLC__1SDV_20240802T121313_20240802T121340_055034_06B474_F0E6,2024-08-02T12:13:13Z,ASCENDING,12,VV+VH,SLC,YES,NO,AVAILABLE,
S1A_IW_SLC__1SDV_20240726T122119_20240726T122146_054932_06B0EA_2876,2024-07-26T12:21:19Z,ASCENDING,85,VV+VH,SLC,YES,NO,AVAILABLE,
S1A_IW_SLC__1SDV_20240724T000437_20240724T000504_054895_06AF99_32B0,2024-07-24T00:04:37Z,DESCENDING,48,VV+VH,SLC,YES,NO,AVAILABLE,
S1A_IW_SLC__1SDV_20240721T121313_20240721T121340_054859_06AE5A_D9A9,2024-07-21T12:13:13Z,ASCENDING,12,VV+VH,SLC,YES,NO,AVAILABLE,
S1A_IW_SLC__1SDV_20240714T122119_20240714T122146_054757_06AAD3_E4E6,2024-07-14T12:21:19Z,ASCENDING,85,VV+VH,SLC,YES,NO,AVAILABLE,
S1A_IW_SLC__1SDV_20240712T000437_20240712T000504_054720_06A984_7A89,2024-07-12T00:04:37Z,DESCENDING,48,VV+VH,SLC,YES,NO,AVAILABLE,
S1A_IW_SLC__1SDV_20240709T121313_20240709T121340_054684_06A84C_9C26,2024-07-09T12:13:13Z,ASCENDING,12,VV+VH,SLC,YES,NO,AVAILABLE,
S1A_IW_SLC__1SDV_20240702T122120_20240702T122147_054582_06A4C6_37E3,2024-07-02T12:21:20Z,ASCENDING,85,VV+VH,SLC,YES,NO,AVAILABLE,
S1A_IW_SLC__1SDV_20240627T121314_20240627T121341_054509_06A233_B6A8,2024-06-27T12:13:14Z,ASCENDING,12,VV+VH,SLC,YES,NO,AVAILABLE,
S1A_IW_SLC__1SDV_20240620T122120_20240620T122147_054407_069EAF_4534,2024-06-20T12:21:20Z,ASCENDING,85,VV+VH,SLC,YES,NO,AVAILABLE,
S1A_IW_SLC__1SDV_20240618T000438_20240618T000505_054370_069D59_9296,2024-06-18T00:04:38Z,DESCENDING,48,VV+VH,SLC,YES,NO,AVAILABLE,
S1A_IW_SLC__1SDV_20240615T121315_20240615T121342_054334_069C22_5A68,2024-06-15T12:13:15Z,ASCENDING,12,VV+VH,SLC,YES,NO,AVAILABLE,
S1A_IW_SLC__1SDV_20240608T122121_20240608T122148_054232_0698A1_8F0E,2024-06-08T12:21:21Z,ASCENDING,85,VV+VH,SLC,YES,NO,AVAILABLE,
S1A_IW_SLC__1SDV_20240606T000438_20240606T000505_054195_06974D_FCBA,2024-06-06T00:04:38Z,DESCENDING,48,VV+VH,SLC,YES,NO,AVAILABLE,
S1A_IW_SLC__1SDV_20240603T121315_20240603T121342_054159_069615_B498,2024-06-03T12:13:15Z,ASCENDING,12,VV+VH,SLC,YES,NO,AVAILABLE,
S1A_IW_SLC__1SDV_20240527T122122_20240527T122149_054057_069293_5FD5,2024-05-27T12:21:22Z,ASCENDING,85,VV+VH,SLC,YES,NO,AVAILABLE,
S1A_IW_SLC__1SDV_20240525T000439_20240525T000506_054020_069143_541D,2024-05-25T00:04:39Z,DESCENDING,48,VV+VH,SLC,YES,NO,AVAILABLE,
S1A_IW_SLC__1SDV_20240522T121315_20240522T121342_053984_069006_423A,2024-05-22T12:13:15Z,ASCENDING,12,VV+VH,SLC,YES,NO,AVAILABLE,
S1A_IW_SLC__1SDV_20240515T122121_20240515T122148_053882_068C7D_ECA7,2024-05-15T12:21:21Z,ASCENDING,85,VV+VH,SLC,YES,NO,AVAILABLE,
S1A_IW_SLC__1SDV_20240510T121316_20240510T121343_053809_068A02_58C3,2024-05-10T12:13:16Z,ASCENDING,12,VV+VH,SLC,YES,NO,AVAILABLE,
S1A_IW_SLC__1SDV_20240503T122122_20240503T122149_053707_06862C_E741,2024-05-03T12:21:22Z,ASCENDING,85,VV+VH,SLC,YES,NO,AVAILABLE,
S1A_IW_SLC__1SDV_20240501T000439_20240501T000506_053670_0684AE_4F43,2024-05-01T00:04:39Z,DESCENDING,48,VV+VH,SLC,YES,NO,AVAILABLE,
S1A_IW_SLC__1SDV_20240428T121316_20240428T121342_053634_06834C_275A,2024-04-28T12:13:16Z,ASCENDING,12,VV+VH,SLC,YES,NO,AVAILABLE,
S1A_IW_SLC__1SDV_20240421T122121_20240421T122148_053532_067F4A_881C,2024-04-21T12:21:21Z,ASCENDING,85,VV+VH,SLC,YES,NO,AVAILABLE,
S1A_IW_SLC__1SDV_20240419T000439_20240419T000506_053495_067DD4_1C3F,2024-04-19T00:04:39Z,DESCENDING,48,VV+VH,SLC,YES,NO,AVAILABLE,
S1A_IW_SLC__1SDV_20240416T121315_20240416T121342_053459_067C6D_E449,2024-04-16T12:13:15Z,ASCENDING,12,VV+VH,SLC,YES,NO,AVAILABLE,
S1A_IW_SLC__1SDV_20240407T000438_20240407T000506_053320_0676E0_503C,2024-04-07T00:04:38Z,DESCENDING,48,VV+VH,SLC,YES,NO,AVAILABLE,
S1A_IW_SLC__1SDV_20240404T121315_20240404T121342_053284_06757B_D173,2024-04-04T12:13:15Z,ASCENDING,12,VV+VH,SLC,YES,NO,AVAILABLE,
S1A_IW_SLC__1SDV_20240328T122121_20240328T122148_053182_067190_98AA,2024-03-28T12:21:21Z,ASCENDING,85,VV+VH,SLC,YES,NO,AVAILABLE,
S1A_IW_SLC__1SDV_20240326T000438_20240326T000505_053145_067032_559C,2024-03-26T00:04:38Z,DESCENDING,48,VV+VH,SLC,YES,NO,AVAILABLE,
S1A_IW_SLC__1SDV_20240323T121314_20240323T121341_053109_066ED6_BBE1,2024-03-23T12:13:14Z,ASCENDING,12,VV+VH,SLC,YES,NO,AVAILABLE,
S1A_IW_SLC__1SDV_20240316T122120_20240316T122147_053007_066ADC_2E0C,2024-03-16T12:21:20Z,ASCENDING,85,VV+VH,SLC,YES,NO,AVAILABLE,
S1A_IW_SLC__1SDV_20240314T000438_20240314T000505_052970_066981_ABD6,2024-03-14T00:04:38Z,DESCENDING,48,VV+VH,SLC,YES,NO,AVAILABLE,
S1A_IW_SLC__1SDV_20240311T121314_20240311T121341_052934_06684D_806D,2024-03-11T12:13:14Z,ASCENDING,12,VV+VH,SLC,YES,NO,AVAILABLE,
S1A_IW_SLC__1SDV_20240304T122120_20240304T122147_052832_0664CA_30C3,2024-03-04T12:21:20Z,ASCENDING,85,VV+VH,SLC,YES,NO,AVAILABLE,
S1A_IW_SLC__1SDV_20240302T000438_20240302T000505_052795_06638E_27F6,2024-03-02T00:04:38Z,DESCENDING,48,VV+VH,SLC,YES,NO,AVAILABLE,
S1A_IW_SLC__1SDV_20240228T121314_20240228T121341_052759_066257_9945,2024-02-28T12:13:14Z,ASCENDING,12,VV+VH,SLC,YES,NO,AVAILABLE,
S1A_IW_SLC__1SDV_20240221T122120_20240221T122147_052657_065ED6_4DB2,2024-02-21T12:21:20Z,ASCENDING,85,VV+VH,SLC,YES,NO,AVAILABLE,
S1A_IW_SLC__1SDV_20240216T121314_20240216T121341_052584_065C6B_0649,2024-02-16T12:13:14Z,ASCENDING,12,VV+VH,SLC,YES,NO,AVAILABLE,
S1A_IW_SLC__1SDV_20240209T122120_20240209T122147_052482_0658EB_E079,2024-02-09T12:21:20Z,ASCENDING,85,VV+VH,SLC,YES,NO,AVAILABLE,
S1A_IW_SLC__1SDV_20240207T000438_20240207T000505_052445_0657A8_3A6C,2024-02-07T00:04:38Z,DESCENDING,48,VV+VH,SLC,YES,NO,AVAILABLE,
S1A_IW_SLC__1SDV_20240204T121314_20240204T121341_052409_06567F_3AFD,2024-02-04T12:13:14Z,ASCENDING,12,VV+VH,SLC,YES,NO,AVAILABLE,
S1A_IW_SLC__1SDV_20240128T122121_20240128T122148_052307_065302_03B1,2024-01-28T12:21:21Z,ASCENDING,85,VV+VH,SLC,YES,NO,AVAILABLE,
S1A_IW_SLC__1SDV_20240126T000438_20240126T000505_052270_0651B8_0AF7,2024-01-26T00:04:38Z,DESCENDING,48,VV+VH,SLC,YES,NO,AVAILABLE,
S1A_IW_SLC__1SDV_20240123T121315_20240123T121341_052234_065093_F3A2,2024-01-23T12:13:15Z,ASCENDING,12,VV+VH,SLC,YES,NO,AVAILABLE,
S1A_IW_SLC__1SDV_20240116T122121_20240116T122148_052132_064D1E_56EB,2024-01-16T12:21:21Z,ASCENDING,85,VV+VH,SLC,YES,NO,AVAILABLE,
S1A_IW_SLC__1SDV_20240114T000438_20240114T000505_052095_064BDC_0A40,2024-01-14T00:04:38Z,DESCENDING,48,VV+VH,SLC,YES,NO,AVAILABLE,
S1A_IW_SLC__1SDV_20240111T121315_20240111T121342_052059_064AA5_7139,2024-01-11T12:13:15Z,ASCENDING,12,VV+VH,SLC,YES,NO,AVAILABLE,
S1A_IW_SLC__1SDV_20240104T122122_20240104T122149_051957_06471E_AAC9,2024-01-04T12:21:22Z,ASCENDING,85,VV+VH,SLC,YES,NO,AVAILABLE,
S1A_IW_SLC__1SDV_20240102T000439_20240102T000506_051920_0645E2_BFE4,2024-01-02T00:04:39Z,DESCENDING,48,VV+VH,SLC,YES,NO,AVAILABLE,
